{
    "bus_id":  [1,2,3,4,10],
    "name":    ["MSN", "LAM", "CLL", "ATL", ""],
    "vm":      [1.100000, 1.090509, 1.099738, 1.098261, 1.100000],
    "va":      [0.020315, -0.006672, 0.009098, 0.000000, 0.020318],
    "base_kv": [15, 32, 55, 230, 400]
}
